{
	"partitions" : [
		{
			"name" : "Top",
			"pins" : [
				{
					"name" : "leds[0]",
					"strict" : false
				},
				{
					"name" : "leds[1]",
					"strict" : false
				},
				{
					"name" : "leds[2]",
					"strict" : false
				},
				{
					"name" : "leds[3]",
					"strict" : false
				},
				{
					"name" : "seg7_data[0]",
					"strict" : false
				},
				{
					"name" : "seg7_data[3]",
					"strict" : false
				},
				{
					"name" : "seg7_data[6]",
					"strict" : false
				},
				{
					"name" : "seg7_char1",
					"strict" : false
				},
				{
					"name" : "seg7_char2",
					"strict" : false
				},
				{
					"name" : "pb_n[3]",
					"strict" : false
				},
				{
					"name" : "clkin_50",
					"strict" : false
				},
				{
					"name" : "pb_n[2]",
					"strict" : false
				},
				{
					"name" : "pb_n[0]",
					"strict" : false
				},
				{
					"name" : "pb_n[1]",
					"strict" : false
				}
			]
		}
	]
}